{"authorisedRepresentative":{"name":"ttin","email":"abc@def.com"},"businessDetails":{"name":"TTin","addressLine1":"1","addressLine2":"2","city":"3","state":"4","jurisdiction":"VN","brandName":"TN"},"controllers":[{"fullName":"TTIn","email":"abc@def.com","type":"director,shareholder,beneficialOwner","documents":["upe8BWNHCLJf7sdxgpo3s.png"],"proofOfAddress":["m67-rjugltI9-e3zq6dqj.png"]}],"businessDocuments":{"certificateOfIncorporation":["iXxeTZ_34HbeSoJ2TQtjM.jpg"],"articlesOfAssociation":["rJhFGzqZHuTaRkOtXQHpr.png"],"shareholderRegisters":["g0YiPlXU46FzYRi-d0ISP.png"],"directorRegisters":["Xd3etL7sBKrDI0Wh8ZqDe.png"],"organizationChart":["EdhN-rPpNw8ZAJwvqILvG.png"],"certificateOfIncumbency":["Dxij22Muv7ZeG22vxCg1w.png"]}}